PLAYER_ID,PLAYER_NAME,TEAM_ID,TEAM_ABBREVIATION,GP,W,L,MIN,DIST_FEET,DIST_MILES,DIST_MILES_OFF,DIST_MILES_DEF,AVG_SPEED,AVG_SPEED_OFF,AVG_SPEED_DEF,date,AVG_SPEED_KPH
1630639,A.J. Lawson,1610612742,DAL,41,26,15,308.0,134578,25.5,13.0,12.4,4.62,4.77,4.44,2023-24,7.44
1631260,AJ Green,1610612749,MIL,56,35,21,614.0,253296,48.0,25.4,22.6,4.34,4.72,3.99,2023-24,6.98
1631100,AJ Griffin,1610612737,ATL,20,8,12,171.0,74118,14.0,7.4,6.7,4.59,4.77,4.47,2023-24,7.39
203932,Aaron Gordon,1610612743,DEN,71,47,24,2244.0,842880,159.6,84.4,75.3,3.99,4.15,3.82,2023-24,6.42
1628988,Aaron Holiday,1610612745,HOU,78,39,39,1269.0,509158,96.4,50.2,46.2,4.23,4.5,3.97,2023-24,6.81
1630174,Aaron Nesmith,1610612754,IND,72,41,31,1995.0,831371,157.5,81.9,75.5,4.43,4.76,4.11,2023-24,7.13
1630598,Aaron Wiggins,1610612760,OKC,78,55,23,1228.0,536879,101.7,53.8,47.9,4.62,5.07,4.2,2023-24,7.44
1641745,Adam Flagler,1610612760,OKC,2,2,0,14.0,5565,1.1,0.6,0.5,4.45,4.9,4.01,2023-24,7.16
1641766,Adama Sanogo,1610612741,CHI,9,3,6,66.0,26033,4.9,2.5,2.4,4.14,4.36,3.94,2023-24,6.66
1629678,Admiral Schofield,1610612753,ORL,23,15,8,84.0,32584,6.2,3.4,2.8,4.03,4.22,3.82,2023-24,6.49
201143,Al Horford,1610612738,BOS,64,50,14,1708.0,643343,121.8,64.4,57.4,4.0,4.2,3.8,2023-24,6.44
202692,Alec Burks,1610612752,NYK,66,18,48,1212.0,479486,90.8,48.8,42.0,4.15,4.37,3.93,2023-24,6.68
1630197,Aleksej Pokusevski,1610612766,CHA,27,13,14,398.0,160322,30.4,16.4,14.0,4.31,4.7,3.92,2023-24,6.94
1627936,Alex Caruso,1610612741,CHI,70,34,36,2004.0,832397,157.7,80.9,76.7,4.43,4.7,4.16,2023-24,7.13
1641788,Alex Fudge,1610612742,DAL,6,1,5,40.0,16889,3.2,1.7,1.5,4.38,4.8,3.99,2023-24,7.05
203458,Alex Len,1610612758,SAC,48,24,24,444.0,179158,33.9,17.5,16.4,4.27,4.6,3.96,2023-24,6.87
1631214,Alondes Williams,1610612748,MIA,7,5,2,16.0,6635,1.3,0.7,0.6,4.48,4.27,4.74,2023-24,7.21
1630578,Alperen Sengun,1610612745,HOU,63,29,34,2046.0,747087,141.5,73.2,68.3,3.88,4.04,3.73,2023-24,6.24
1641735,Amari Bailey,1610612766,CHA,10,1,9,65.0,26881,5.1,2.7,2.4,4.39,4.88,3.95,2023-24,7.07
1641708,Amen Thompson,1610612745,HOU,62,30,32,1389.0,571409,108.2,57.4,50.9,4.36,4.7,4.04,2023-24,7.02
1629599,Amir Coffey,1610612746,LAC,69,45,24,1445.0,549135,104.0,53.2,50.8,4.02,4.03,4.02,2023-24,6.47
203083,Andre Drummond,1610612741,CHI,78,37,41,1339.0,495343,93.8,47.9,45.9,3.96,4.17,3.76,2023-24,6.37
1641748,Andre Jackson Jr.,1610612749,MIL,57,33,24,572.0,263031,49.8,26.3,23.5,4.81,5.16,4.48,2023-24,7.74
1641847,Andrew Funk,1610612741,CHI,5,3,2,13.0,5314,1.0,0.5,0.5,4.09,4.26,3.94,2023-24,6.58
1629614,Andrew Nembhard,1610612754,IND,68,41,27,1697.0,710040,134.5,68.4,66.1,4.42,4.66,4.21,2023-24,7.11
203952,Andrew Wiggins,1610612744,GSW,70,38,32,1894.0,738641,139.9,74.8,65.1,4.21,4.53,3.9,2023-24,6.78
1629014,Anfernee Simons,1610612757,POR,45,10,35,1540.0,619371,117.3,65.9,51.4,4.26,4.71,3.79,2023-24,6.86
1641710,Anthony Black,1610612753,ORL,69,39,30,1164.0,467971,88.6,46.5,42.2,4.24,4.3,4.2,2023-24,6.82
203076,Anthony Davis,1610612747,LAL,75,44,31,2669.0,928463,175.8,92.2,83.6,3.74,3.98,3.51,2023-24,6.02
1630162,Anthony Edwards,1610612750,MIN,79,54,25,2770.0,1047296,198.4,108.9,89.4,3.99,4.34,3.62,2023-24,6.42
1630264,Anthony Gill,1610612764,WAS,50,9,41,466.0,190697,36.1,18.6,17.5,4.33,4.83,3.9,2023-24,6.97
1629717,Armoni Brooks,1610612751,BKN,10,3,7,104.0,42125,8.0,4.4,3.6,4.41,5.02,3.83,2023-24,7.1
1630204,Ashton Hagans,1610612757,POR,19,3,16,316.0,132113,25.0,12.8,12.2,4.41,4.52,4.3,2023-24,7.1
1641709,Ausar Thompson,1610612765,DET,62,10,52,1572.0,654968,124.0,63.6,60.5,4.4,4.59,4.22,2023-24,7.08
1630559,Austin Reaves,1610612747,LAL,81,46,35,2606.0,988906,187.3,101.2,86.1,4.09,4.44,3.74,2023-24,6.58
1630245,Ayo Dosunmu,1610612741,CHI,75,37,38,2176.0,866469,164.1,85.7,78.4,4.32,4.63,4.03,2023-24,6.95
1628389,Bam Adebayo,1610612748,MIA,71,40,31,2416.0,895953,169.7,91.2,78.5,3.99,4.28,3.7,2023-24,6.42
1641767,Ben Sheppard,1610612754,IND,57,32,25,814.0,364880,69.1,36.6,32.5,4.71,5.0,4.42,2023-24,7.58
1627732,Ben Simmons,1610612751,BKN,15,7,8,359.0,137751,26.1,14.3,11.8,4.08,4.49,3.67,2023-24,6.57
1631097,Bennedict Mathurin,1610612754,IND,59,33,26,1538.0,633331,119.9,63.1,56.8,4.32,4.63,4.02,2023-24,6.95
1641731,Bilal Coulibaly,1610612764,WAS,63,11,52,1715.0,713472,135.1,68.8,66.3,4.41,4.63,4.2,2023-24,7.1
202687,Bismack Biyombo,1610612760,OKC,40,20,20,791.0,312687,59.2,31.9,27.3,4.22,4.49,3.94,2023-24,6.79
1631104,Blake Wesley,1610612759,SAS,60,18,42,856.0,379683,71.9,38.4,33.5,4.68,5.0,4.36,2023-24,7.53
1626246,Boban Marjanović,1610612745,HOU,14,9,5,71.0,25916,4.9,2.6,2.3,3.95,4.14,3.76,2023-24,6.36
1626171,Bobby Portis,1610612749,MIL,82,49,33,2008.0,816348,154.6,80.4,74.2,4.27,4.5,4.05,2023-24,6.87
203992,Bogdan Bogdanović,1610612737,ATL,79,35,44,2401.0,972586,184.2,100.6,83.6,4.32,4.79,3.86,2023-24,6.95
202711,Bojan Bogdanović,1610612752,NYK,57,20,37,1478.0,576709,109.2,59.6,49.6,4.13,4.49,3.76,2023-24,6.65
1629626,Bol Bol,1610612756,PHX,42,28,14,459.0,184769,35.0,18.5,16.5,4.34,4.39,4.28,2023-24,6.98
1630538,Bones Hyland,1610612746,LAC,36,19,17,527.0,210852,39.9,22.2,17.7,4.21,4.46,3.93,2023-24,6.78
203078,Bradley Beal,1610612756,PHX,52,33,19,1729.0,642751,121.7,66.0,55.7,4.04,4.28,3.79,2023-24,6.5
1641764,Brandin Podziemski,1610612744,GSW,73,41,32,1938.0,810269,153.5,84.6,68.9,4.49,4.94,4.04,2023-24,7.23
1630527,Brandon Boston,1610612746,LAC,32,17,15,345.0,136426,25.8,13.7,12.1,4.21,4.33,4.07,2023-24,6.78
1629634,Brandon Clarke,1610612763,MEM,6,2,4,134.0,53730,10.2,5.5,4.7,4.26,4.41,4.09,2023-24,6.86
1627742,Brandon Ingram,1610612740,NOP,63,38,25,2071.0,780130,147.8,81.6,66.1,3.99,4.4,3.57,2023-24,6.42
1641706,Brandon Miller,1610612766,CHA,73,17,56,2347.0,945035,179.0,97.2,81.8,4.28,4.6,3.95,2023-24,6.89
1630314,Brandon Williams,1610612742,DAL,17,10,7,113.0,46129,8.7,4.7,4.1,4.3,4.73,3.98,2023-24,6.92
1630296,Braxton Key,1610612743,DEN,20,14,6,60.0,24530,4.6,2.6,2.1,4.14,4.64,3.81,2023-24,6.66
1641729,Brice Sensabaugh,1610612762,UTA,31,8,23,553.0,227186,43.0,22.9,20.2,4.34,4.48,4.21,2023-24,6.98
201572,Brook Lopez,1610612749,MIL,79,48,31,2411.0,863124,163.5,84.7,78.8,3.8,3.92,3.68,2023-24,6.12
1628971,Bruce Brown,1610612761,TOR,67,26,41,1865.0,752998,142.6,76.6,66.0,4.26,4.69,3.85,2023-24,6.86
1628981,Bruno Fernando,1610612737,ATL,45,20,25,682.0,260585,49.4,25.5,23.8,4.07,4.2,3.93,2023-24,6.55
1631121,Bryce McGowens,1610612766,CHA,59,11,48,882.0,367105,69.5,37.1,32.4,4.39,4.57,4.21,2023-24,7.07
1631205,Buddy Boeheim,1610612765,DET,10,0,10,84.0,33312,6.3,3.4,2.9,4.36,4.77,3.96,2023-24,7.02
1627741,Buddy Hield,1610612755,PHI,83,45,38,2138.0,950047,179.9,98.4,81.5,4.69,5.17,4.21,2023-24,7.55
203468,CJ McCollum,1610612740,NOP,65,42,23,2133.0,868697,164.5,90.1,74.5,4.33,4.77,3.91,2023-24,6.97
1630595,Cade Cunningham,1610612765,DET,61,9,52,2042.0,809442,153.3,87.9,65.4,4.19,4.89,3.51,2023-24,6.74
1631216,Caleb Houstan,1610612753,ORL,59,31,28,815.0,343797,65.1,36.2,28.9,4.45,4.77,4.1,2023-24,7.16
1628997,Caleb Martin,1610612748,MIA,64,36,28,1757.0,760666,144.1,78.5,65.5,4.59,4.99,4.17,2023-24,7.39
1629629,Cam Reddish,1610612747,LAL,47,26,21,961.0,392839,74.4,35.4,39.0,4.36,4.22,4.5,2023-24,7.02
1630560,Cam Thomas,1610612751,BKN,63,23,40,1984.0,787164,149.1,81.9,67.2,4.19,4.49,3.88,2023-24,6.74
1641715,Cam Whitmore,1610612745,HOU,47,19,28,880.0,357375,67.7,36.0,31.7,4.27,4.65,3.91,2023-24,6.87
1629661,Cameron Johnson,1610612751,BKN,57,21,36,1574.0,628707,119.1,65.9,53.1,4.25,4.6,3.88,2023-24,6.84
1626166,Cameron Payne,1610612755,PHI,77,45,32,1281.0,535228,101.4,56.0,45.4,4.4,4.87,3.93,2023-24,7.08
1627747,Caris LeVert,1610612739,CLE,68,38,30,1958.0,775426,146.9,81.2,65.7,4.17,4.59,3.74,2023-24,6.71
1641717,Cason Wallace,1610612760,OKC,82,57,25,1692.0,693799,131.4,66.8,64.6,4.34,4.54,4.16,2023-24,6.98
1626224,Cedi Osman,1610612759,SAS,72,17,55,1269.0,531042,100.6,54.4,46.1,4.38,4.73,4.01,2023-24,7.05
1629646,Charles Bassey,1610612759,SAS,19,3,16,205.0,86992,16.5,8.9,7.6,4.44,4.75,4.12,2023-24,7.15
1629718,Charlie Brown Jr.,1610612752,NYK,8,2,6,37.0,14963,2.8,1.4,1.4,4.18,4.4,3.98,2023-24,6.73
1631096,Chet Holmgren,1610612760,OKC,82,57,25,2413.0,943781,178.7,97.2,81.6,4.13,4.64,3.66,2023-24,6.65
1629002,Chimezie Metu,1610612765,DET,51,24,27,859.0,331983,62.9,32.8,30.0,4.19,4.35,4.02,2023-24,6.74
1628449,Chris Boucher,1610612761,TOR,49,16,33,674.0,273954,51.9,26.9,25.0,4.27,4.53,4.03,2023-24,6.87
1630537,Chris Duarte,1610612758,SAC,59,35,24,720.0,318108,60.2,31.5,28.7,4.7,5.01,4.4,2023-24,7.56
1641753,Chris Livingston,1610612749,MIL,21,13,8,91.0,40077,7.6,3.9,3.6,4.62,4.68,4.44,2023-24,7.44
101108,Chris Paul,1610612744,GSW,57,33,24,1502.0,538793,102.0,57.2,44.9,3.78,4.2,3.35,2023-24,6.08
1631128,Christian Braun,1610612743,DEN,80,55,25,1623.0,683937,129.5,70.4,59.1,4.44,4.8,4.08,2023-24,7.15
1626174,Christian Wood,1610612747,LAL,49,27,22,864.0,312121,59.1,31.2,27.9,3.85,4.1,3.61,2023-24,6.2
1629643,Chuma Okeke,1610612753,ORL,47,24,23,432.0,172788,32.7,17.9,14.9,4.19,4.44,3.94,2023-24,6.74
203991,Clint Capela,1610612737,ATL,73,33,40,1883.0,706366,133.8,68.6,65.2,4.0,4.12,3.87,2023-24,6.44
1629632,Coby White,1610612741,CHI,78,37,41,2840.0,1076285,203.8,108.8,95.1,4.07,4.45,3.72,2023-24,6.55
1628998,Cody Martin,1610612766,CHA,28,7,21,753.0,320138,60.6,33.3,27.3,4.53,4.86,4.17,2023-24,7.29
203469,Cody Zeller,1610612740,NOP,42,26,16,308.0,129167,24.5,13.4,11.1,4.36,4.74,3.98,2023-24,7.02
1641732,Colby Jones,1610612758,SAC,30,15,15,192.0,88472,16.8,9.1,7.6,4.86,5.27,4.38,2023-24,7.82
1630175,Cole Anthony,1610612753,ORL,81,47,34,1817.0,763373,144.6,79.2,65.4,4.42,4.72,4.11,2023-24,7.11
1631306,Cole Swider,1610612748,MIA,18,8,10,87.0,35189,6.7,3.7,3.0,4.5,5.0,4.01,2023-24,7.24
1630658,Colin Castleton,1610612747,LAL,16,9,7,59.0,23187,4.4,2.3,2.0,4.08,4.21,3.76,2023-24,6.57
1631221,Collin Gillespie,1610612743,DEN,24,15,9,225.0,92613,17.5,9.6,8.0,4.3,4.77,3.88,2023-24,6.92
1629012,Collin Sexton,1610612762,UTA,77,29,48,2039.0,798066,151.1,83.4,67.7,4.11,4.43,3.77,2023-24,6.61
1630557,Corey Kispert,1610612764,WAS,80,15,65,2067.0,879431,166.6,91.3,75.3,4.53,5.05,4.02,2023-24,7.29
202709,Cory Joseph,1610612744,GSW,26,10,16,296.0,120769,22.9,12.4,10.5,4.53,4.81,4.25,2023-24,7.29
1641854,Craig Porter Jr.,1610612739,CLE,51,30,21,649.0,257125,48.7,26.8,21.9,4.23,4.56,3.87,2023-24,6.81
1626156,D'Angelo Russell,1610612747,LAL,75,45,30,2462.0,926468,175.5,93.0,82.4,4.07,4.36,3.78,2023-24,6.55
1641793,D'Moi Hodge,1610612747,LAL,7,1,6,41.0,15939,3.0,1.6,1.4,4.06,4.52,3.63,2023-24,6.53
1630618,D.J. Carton,1610612761,TOR,4,2,2,36.0,16571,3.1,1.6,1.6,4.81,5.48,4.53,2023-24,7.74
1628391,D.J. Wilson,1610612755,PHI,2,1,1,15.0,6542,1.2,0.6,0.6,4.33,4.54,4.16,2023-24,6.97
1629610,DaQuan Jeffries,1610612752,NYK,17,11,6,46.0,16073,3.0,1.6,1.5,4.12,4.46,4.06,2023-24,6.63
1630227,Daishen Nix,1610612750,MIN,15,11,4,50.0,19767,3.7,1.9,1.8,3.92,4.0,3.84,2023-24,6.31
1630625,Dalano Banton,1610612757,POR,53,23,30,1005.0,414405,78.5,43.6,34.9,4.36,4.81,3.9,2023-24,7.02
1631207,Dalen Terry,1610612741,CHI,58,27,31,680.0,292592,55.4,28.7,26.7,4.71,5.12,4.33,2023-24,7.58
1627745,Damian Jones,1610612739,CLE,39,24,15,270.0,105790,20.0,10.7,9.4,4.11,4.23,4.03,2023-24,6.61
203081,Damian Lillard,1610612749,MIL,73,48,25,2578.0,980994,185.8,101.8,84.0,4.04,4.44,3.63,2023-24,6.5
1629655,Daniel Gafford,1610612742,DAL,73,29,44,1790.0,724383,137.2,71.3,65.9,4.29,4.53,4.06,2023-24,6.9
1628464,Daniel Theis,1610612746,LAC,59,37,22,994.0,376745,71.4,38.0,33.3,4.16,4.37,3.93,2023-24,6.69
201568,Danilo Gallinari,1610612749,MIL,49,15,34,629.0,236434,44.8,24.6,20.2,3.98,4.27,3.68,2023-24,6.41
201980,Danny Green,1610612755,PHI,2,1,1,18.0,8632,1.6,1.0,0.6,4.46,4.72,4.09,2023-24,7.18
203957,Danté Exum,1610612742,DAL,54,35,19,1070.0,451532,85.5,45.7,39.9,4.48,4.85,4.13,2023-24,7.21
1627863,Danuel House Jr.,1610612755,PHI,34,21,13,509.0,223765,42.4,22.9,19.5,4.63,4.88,4.36,2023-24,7.45
203967,Dario Šarić,1610612744,GSW,63,35,28,1095.0,424317,80.4,43.9,36.4,4.16,4.44,3.85,2023-24,6.69
1641727,Dariq Whitehead,1610612751,BKN,2,1,1,24.0,9556,1.8,1.0,0.8,4.22,4.41,3.99,2023-24,6.79
1629647,Darius Bazley,1610612762,UTA,9,2,7,152.0,63325,12.0,6.5,5.5,4.36,4.76,3.96,2023-24,7.02
1629636,Darius Garland,1610612739,CLE,57,31,26,1900.0,764870,144.9,80.0,64.9,4.27,4.74,3.81,2023-24,6.87
1630561,David Duke Jr.,1610612759,SAS,4,3,1,51.0,22022,4.2,2.3,1.9,4.55,5.11,4.03,2023-24,7.32
1631223,David Roddy,1610612756,PHX,64,25,39,1171.0,470165,89.0,47.9,41.1,4.34,4.63,4.04,2023-24,6.98
1630558,Davion Mitchell,1610612758,SAC,72,41,31,1101.0,470163,89.0,47.2,41.9,4.52,4.84,4.21,2023-24,7.27
1630549,Day'Ron Sharpe,1610612751,BKN,59,25,34,892.0,366828,69.5,37.7,31.8,4.35,4.69,4.0,2023-24,7.0
1628368,De'Aaron Fox,1610612758,SAC,74,42,32,2659.0,1065704,201.8,108.5,93.4,4.25,4.71,3.82,2023-24,6.84
1629631,De'Andre Hunter,1610612737,ATL,57,26,31,1681.0,638437,120.9,64.8,56.2,4.05,4.43,3.69,2023-24,6.52
1629001,De'Anthony Melton,1610612755,PHI,38,25,13,1023.0,422873,80.1,43.4,36.7,4.35,4.7,4.0,2023-24,7.0
201599,DeAndre Jordan,1610612743,DEN,35,23,12,390.0,131495,24.9,13.2,11.7,3.59,3.65,3.52,2023-24,5.78
1630610,DeJon Jarreau,1610612763,MEM,9,2,7,150.0,62986,11.9,6.4,5.5,4.44,4.58,4.28,2023-24,7.15
201942,DeMar DeRozan,1610612741,CHI,78,37,41,2946.0,1060814,200.9,109.9,91.0,3.85,4.31,3.41,2023-24,6.2
1629731,Dean Wade,1610612739,CLE,54,36,18,1108.0,450140,85.3,45.1,40.1,4.31,4.54,4.06,2023-24,6.94
1629028,Deandre Ayton,1610612757,POR,54,13,41,1744.0,628398,119.0,64.1,54.9,3.84,4.11,3.56,2023-24,6.18
1627749,Dejounte Murray,1610612737,ATL,78,34,44,2783.0,1105608,209.4,114.2,95.2,4.26,4.7,3.83,2023-24,6.86
1626153,Delon Wright,1610612748,MIA,47,16,31,742.0,310702,58.8,31.8,27.0,4.39,4.69,4.08,2023-24,7.07
1630166,Deni Avdija,1610612764,WAS,75,14,61,2257.0,912836,172.9,92.3,80.6,4.31,4.72,3.92,2023-24,6.94
203471,Dennis Schröder,1610612751,BKN,79,30,49,2447.0,978920,185.4,99.6,85.9,4.22,4.56,3.89,2023-24,6.79
1628372,Dennis Smith Jr.,1610612751,BKN,54,19,35,1025.0,412083,78.0,40.5,37.5,4.24,4.43,4.05,2023-24,6.82
1641726,Dereck Lively II,1610612742,DAL,55,35,20,1294.0,535684,101.5,53.5,48.0,4.42,4.69,4.15,2023-24,7.11
1631220,Dereon Seabron,1610612740,NOP,6,3,3,55.0,22975,4.4,2.3,2.1,4.15,4.41,3.89,2023-24,6.68
1627884,Derrick Jones Jr.,1610612742,DAL,75,46,29,1765.0,712314,134.9,67.9,67.0,4.32,4.4,4.24,2023-24,6.95
201565,Derrick Rose,1610612763,MEM,24,6,18,399.0,168426,31.9,17.1,14.8,4.43,4.82,4.06,2023-24,7.13
1628401,Derrick White,1610612738,BOS,72,57,15,2346.0,903479,171.1,91.2,79.9,4.09,4.39,3.8,2023-24,6.58
1630217,Desmond Bane,1610612763,MEM,42,14,28,1443.0,585919,111.0,62.3,48.7,4.27,4.76,3.78,2023-24,6.87
1626164,Devin Booker,1610612756,PHX,68,43,25,2447.0,906142,171.6,94.8,76.8,3.98,4.35,3.61,2023-24,6.41
1630170,Devin Vassell,1610612759,SAS,68,17,51,2248.0,921080,174.4,97.9,76.6,4.33,4.93,3.75,2023-24,6.97
1628984,Devonte' Graham,1610612759,SAS,22,7,15,302.0,117056,22.2,12.0,10.1,4.08,4.41,3.7,2023-24,6.57
1641926,Dexter Dennis,1610612742,DAL,4,1,3,30.0,10254,1.9,1.0,0.9,4.41,4.93,3.95,2023-24,7.1
1628415,Dillon Brooks,1610612745,HOU,72,36,36,2227.0,856589,162.2,80.9,81.3,4.06,4.14,3.98,2023-24,6.53
1631376,Dmytro Skapintsev,1610612752,NYK,2,0,2,2.0,871,0.2,0.1,0.1,5.21,7.35,4.04,2023-24,8.38
1627734,Domantas Sabonis,1610612758,SAC,82,46,36,2928.0,1157757,219.3,115.2,104.1,4.21,4.51,3.93,2023-24,6.78
1631230,Dominick Barlow,1610612759,SAS,32,6,26,389.0,167202,31.7,17.3,14.4,4.55,4.99,4.12,2023-24,7.32
1628378,Donovan Mitchell,1610612739,CLE,55,36,19,1943.0,714723,135.4,75.2,60.2,3.9,4.34,3.46,2023-24,6.28
1628978,Donte DiVincenzo,1610612752,NYK,81,50,31,2360.0,947101,179.4,99.3,80.1,4.25,4.51,3.97,2023-24,6.84
1627827,Dorian Finney-Smith,1610612751,BKN,66,28,38,1867.0,729351,138.1,73.6,64.5,4.14,4.35,3.93,2023-24,6.66
203926,Doug McDermott,1610612754,IND,64,22,42,904.0,393200,74.5,41.6,32.8,4.59,5.14,4.04,2023-24,7.39
203110,Draymond Green,1610612744,GSW,54,33,21,1462.0,528022,100.0,53.6,46.4,3.93,4.31,3.57,2023-24,6.32
1629234,Drew Eubanks,1610612756,PHX,74,42,32,1158.0,462954,87.7,47.9,39.8,4.28,4.52,4.01,2023-24,6.89
1641809,Drew Peterson,1610612738,BOS,3,3,0,23.0,9693,1.8,1.0,0.8,4.39,4.7,4.05,2023-24,7.07
1630696,Dru Smith,1610612748,MIA,9,7,2,131.0,55838,10.6,5.7,4.8,4.45,4.59,4.21,2023-24,7.16
1629130,Duncan Robinson,1610612748,MIA,68,38,30,1906.0,775066,146.8,83.7,63.1,4.37,4.92,3.81,2023-24,7.03
1641871,Duop Reath,1610612757,POR,67,16,51,1201.0,481977,91.3,48.8,42.4,4.24,4.48,3.99,2023-24,6.82
203939,Dwight Powell,1610612742,DAL,62,37,25,824.0,348215,65.9,34.8,31.1,4.45,4.68,4.22,2023-24,7.16
1629685,Dylan Windler,1610612737,ATL,17,9,8,108.0,46912,8.9,4.7,4.2,4.51,4.6,4.42,2023-24,7.26
1630700,Dyson Daniels,1610612740,NOP,60,34,26,1342.0,563106,106.6,55.7,51.0,4.4,4.69,4.13,2023-24,7.08
202722,Dāvis Bertāns,1610612766,CHA,42,19,23,646.0,268096,50.8,28.4,22.4,4.39,4.95,3.84,2023-24,7.07
1630604,E.J. Liddell,1610612740,NOP,8,3,5,23.0,9830,1.9,1.0,0.9,4.19,4.97,3.57,2023-24,6.74
1641734,Emoni Bates,1610612739,CLE,15,8,7,133.0,52191,9.9,5.2,4.7,4.13,4.29,3.97,2023-24,6.65
201569,Eric Gordon,1610612756,PHX,67,41,26,1863.0,658278,124.7,66.4,58.2,3.72,3.94,3.49,2023-24,5.99
1630647,Eugene Omoruyi,1610612764,WAS,43,5,38,393.0,162413,30.8,15.3,15.4,4.31,4.71,3.96,2023-24,6.94
203095,Evan Fournier,1610612765,DET,31,8,23,569.0,236578,44.8,24.0,20.8,4.43,4.78,4.08,2023-24,7.13
1630596,Evan Mobley,1610612739,CLE,50,29,21,1532.0,609236,115.4,61.2,54.2,4.22,4.59,3.86,2023-24,6.79
1630196,Filip Petrusev,1610612758,SAC,3,2,1,9.0,3497,0.7,0.3,0.4,4.26,4.03,4.46,2023-24,6.86
1628373,Frank Ntilikina,1610612766,CHA,5,0,5,43.0,17136,3.2,1.7,1.5,4.13,4.51,3.78,2023-24,6.65
1630532,Franz Wagner,1610612753,ORL,72,44,28,2337.0,981663,185.9,102.6,83.3,4.43,4.79,4.06,2023-24,7.13
1627832,Fred VanVleet,1610612745,HOU,73,38,35,2684.0,1027677,194.6,108.1,86.6,4.06,4.54,3.6,2023-24,6.53
1627788,Furkan Korkmaz,1610612755,PHI,35,22,13,300.0,126117,23.9,13.1,10.8,4.33,4.72,3.95,2023-24,6.97
1641713,GG Jackson,1610612763,MEM,48,14,34,1233.0,496505,94.0,50.3,43.7,4.26,4.43,4.07,2023-24,6.86
1629216,Gabe Vincent,1610612747,LAL,11,7,4,218.0,91374,17.3,8.8,8.5,4.3,4.57,4.06,2023-24,6.92
202066,Garrett Temple,1610612761,TOR,27,5,22,289.0,117563,22.3,11.8,10.5,4.3,4.66,3.95,2023-24,6.92
1629726,Garrison Mathews,1610612737,ATL,66,29,37,992.0,399202,75.6,40.3,35.3,4.28,4.52,4.04,2023-24,6.89
203914,Gary Harris,1610612753,ORL,54,35,19,1297.0,522640,99.0,51.1,47.9,4.27,4.29,4.23,2023-24,6.87
1627780,Gary Payton II,1610612744,GSW,44,27,17,680.0,306510,58.1,30.3,27.8,4.71,4.95,4.48,2023-24,7.58
1629018,Gary Trent Jr.,1610612761,TOR,70,24,46,1952.0,743939,140.9,71.7,69.2,4.03,4.2,3.87,2023-24,6.49
1627777,Georges Niang,1610612739,CLE,82,48,34,1831.0,724704,137.3,73.8,63.5,4.18,4.48,3.87,2023-24,6.73
203507,Giannis Antetokounmpo,1610612749,MIL,73,45,28,2567.0,968530,183.4,99.1,84.3,3.97,4.39,3.56,2023-24,6.39
1629048,Goga Bitadze,1610612753,ORL,62,34,28,957.0,379842,71.9,39.1,32.9,4.2,4.35,4.05,2023-24,6.76
202330,Gordon Hayward,1610612760,OKC,51,25,26,1245.0,519411,98.4,53.8,44.6,4.42,4.86,3.98,2023-24,7.11
1641711,Gradey Dick,1610612761,TOR,59,18,41,1229.0,524377,99.3,51.4,47.9,4.48,4.76,4.22,2023-24,7.21
1629684,Grant Williams,1610612766,CHA,75,33,42,2092.0,786665,149.0,78.1,70.9,3.99,4.18,3.8,2023-24,6.42
1628960,Grayson Allen,1610612756,PHX,74,45,29,2474.0,989234,187.4,100.8,86.5,4.3,4.59,4.0,2023-24,6.92
1630535,Greg Brown III,1610612742,DAL,6,3,3,40.0,10689,2.0,1.0,1.0,4.26,4.36,4.17,2023-24,6.86
1630611,Gui Santos,1610612744,GSW,22,17,5,187.0,81362,15.4,8.5,6.9,4.58,4.9,4.23,2023-24,7.37
1628977,Hamidou Diallo,1610612764,WAS,2,1,1,5.0,1548,0.3,0.2,0.1,4.79,5.54,3.76,2023-24,7.71
203084,Harrison Barnes,1610612758,SAC,82,46,36,2381.0,978557,185.3,98.7,86.6,4.41,4.8,4.04,2023-24,7.1
1628385,Harry Giles III,1610612747,LAL,23,11,12,100.0,38603,7.3,4.0,3.3,4.15,4.45,3.83,2023-24,6.68
1629312,Haywood Highsmith,1610612748,MIA,66,39,27,1366.0,587791,111.3,58.7,52.6,4.57,4.81,4.32,2023-24,7.35
1630929,Henri Drell,1610612741,CHI,4,2,2,30.0,12588,2.4,1.3,1.1,4.65,5.07,4.23,2023-24,7.48
1630529,Herbert Jones,1610612740,NOP,75,46,29,2295.0,931677,176.5,91.5,85.0,4.32,4.55,4.09,2023-24,6.95
1641816,Hunter Tyson,1610612743,DEN,17,13,4,46.0,20328,3.9,2.1,1.7,4.53,4.72,4.09,2023-24,7.29
1630641,Ibou Badji,1610612757,POR,22,5,17,226.0,89445,16.9,8.9,8.0,4.14,4.31,3.96,2023-24,6.66
1630193,Immanuel Quickley,1610612761,TOR,67,28,39,1942.0,805936,152.6,84.2,68.4,4.39,4.94,3.87,2023-24,7.07
1630171,Isaac Okoro,1610612739,CLE,69,41,28,1887.0,745398,141.2,71.3,69.8,4.19,4.26,4.11,2023-24,6.74
1628392,Isaiah Hartenstein,1610612752,NYK,75,47,28,1896.0,778922,147.5,80.6,66.9,4.38,4.6,4.14,2023-24,7.05
1630543,Isaiah Jackson,1610612754,IND,60,37,23,771.0,316902,60.0,31.9,28.1,4.32,4.62,4.02,2023-24,6.95
1630198,Isaiah Joe,1610612760,OKC,78,54,24,1445.0,621621,117.7,65.0,52.7,4.5,5.02,3.98,2023-24,7.24
1630587,Isaiah Livers,1610612765,DET,23,1,22,469.0,192540,36.5,18.9,17.5,4.31,4.6,4.01,2023-24,6.94
1630600,Isaiah Mobley,1610612739,CLE,10,2,8,72.0,28763,5.4,3.0,2.5,4.19,4.71,3.84,2023-24,6.74
1630191,Isaiah Stewart,1610612765,DET,45,9,36,1388.0,521687,98.8,51.8,47.1,4.03,4.28,3.81,2023-24,6.49
202738,Isaiah Thomas,1610612756,PHX,6,4,2,19.0,7608,1.4,0.8,0.6,3.95,4.51,3.39,2023-24,6.36
1631209,Isaiah Wong,1610612754,IND,1,1,0,4.0,1609,0.3,0.2,0.1,3.94,5.36,2.57,2023-24,6.34
202397,Ish Smith,1610612766,CHA,43,6,37,741.0,320749,60.7,35.0,25.7,4.58,5.14,3.99,2023-24,7.37
1630688,Ish Wainright,1610612756,PHX,11,2,9,62.0,26100,4.9,2.7,2.2,4.29,4.84,3.77,2023-24,6.9
1627826,Ivica Zubac,1610612746,LAC,67,41,26,1770.0,673596,127.6,69.7,57.9,4.09,4.37,3.8,2023-24,6.58
1631167,Izaiah Brockington,1610612740,NOP,1,1,0,3.0,1744,0.3,0.2,0.1,4.74,5.46,3.75,2023-24,7.63
1631120,JD Davison,1610612738,BOS,7,7,0,39.0,15727,3.0,1.7,1.3,4.34,4.71,3.95,2023-24,6.98
1630550,JT Thor,1610612766,CHA,62,15,47,768.0,322181,61.0,33.3,27.7,4.4,4.72,4.07,2023-24,7.08
1629630,Ja Morant,1610612763,MEM,9,6,3,318.0,122953,23.3,12.7,10.6,4.1,4.46,3.74,2023-24,6.6
201580,JaVale McGee,1610612758,SAC,46,28,18,339.0,134278,25.4,13.9,11.5,4.19,4.53,3.84,2023-24,6.74
1631095,Jabari Smith Jr.,1610612745,HOU,76,39,37,2424.0,954154,180.7,95.1,85.6,4.18,4.46,3.91,2023-24,6.73
1631133,Jabari Walker,1610612757,POR,72,18,54,1701.0,667789,126.5,68.4,58.1,4.15,4.4,3.9,2023-24,6.68
1631298,Jack White,1610612763,MEM,4,0,4,64.0,25765,4.9,2.8,2.1,4.28,4.56,3.95,2023-24,6.89
1631367,Jacob Gilyard,1610612751,BKN,40,12,28,681.0,286129,54.2,28.8,25.4,4.46,4.59,4.33,2023-24,7.18
1631210,Jacob Toppin,1610612752,NYK,9,2,7,38.0,16054,3.0,1.6,1.4,4.38,4.98,3.84,2023-24,7.05
1630702,Jaden Hardy,1610612742,DAL,72,43,29,985.0,405394,76.8,41.2,35.6,4.34,4.68,4.01,2023-24,6.98
1631093,Jaden Ivey,1610612765,DET,76,14,62,2181.0,899349,170.3,92.3,78.0,4.39,4.82,3.97,2023-24,7.07
1630183,Jaden McDaniels,1610612750,MIN,72,48,24,2105.0,866629,164.1,83.3,80.8,4.37,4.39,4.34,2023-24,7.03
1630531,Jaden Springer,1610612738,BOS,48,31,17,507.0,205504,38.9,20.0,18.9,4.23,4.32,4.13,2023-24,6.81
203109,Jae Crowder,1610612749,MIL,50,25,25,1156.0,457554,86.7,45.6,41.1,4.2,4.48,3.92,2023-24,6.76
1630256,Jae'Sean Tate,1610612745,HOU,65,32,33,1031.0,418861,79.3,42.1,37.2,4.29,4.6,3.98,2023-24,6.9
1630186,Jahmi'us Ramsey,1610612761,TOR,7,0,7,121.0,51371,9.7,4.8,4.9,4.48,4.68,4.31,2023-24,7.21
1631170,Jaime Jaquez Jr.,1610612748,MIA,75,44,31,2113.0,894313,169.4,92.9,76.5,4.54,4.99,4.11,2023-24,7.31
1631222,Jake LaRavia,1610612763,MEM,35,8,27,806.0,346193,65.6,35.5,30.1,4.48,4.75,4.2,2023-24,7.21
1627751,Jakob Poeltl,1610612761,TOR,50,21,29,1319.0,543765,103.0,53.4,49.6,4.38,4.67,4.09,2023-24,7.05
1628973,Jalen Brunson,1610612752,NYK,77,49,28,2726.0,1088595,206.2,120.5,85.6,4.24,4.67,3.76,2023-24,6.82
1630622,Jalen Crutcher,1610612740,NOP,1,1,0,3.0,1020,0.2,0.1,0.1,4.14,4.05,4.24,2023-24,6.66
1631105,Jalen Duren,1610612765,DET,60,13,47,1762.0,687020,130.1,69.1,61.0,4.15,4.45,3.85,2023-24,6.68
1630224,Jalen Green,1610612745,HOU,82,41,41,2601.0,1049474,198.8,109.5,89.2,4.29,4.75,3.82,2023-24,6.9
1641720,Jalen Hood-Schifino,1610612747,LAL,20,9,11,101.0,40455,7.7,4.2,3.4,4.21,4.42,3.87,2023-24,6.78
1630552,Jalen Johnson,1610612737,ATL,56,27,29,1889.0,758727,143.7,77.0,66.7,4.31,4.7,3.93,2023-24,6.94
1629667,Jalen McDaniels,1610612761,TOR,49,12,37,513.0,215304,40.8,21.7,19.1,4.41,4.72,4.11,2023-24,7.1
1629618,Jalen Pickett,1610612743,DEN,26,19,7,120.0,48268,9.1,5.2,3.9,4.18,4.76,3.59,2023-24,6.73
1641771,Jalen Slawson,1610612758,SAC,12,8,4,37.0,15152,2.9,1.6,1.3,4.31,4.65,3.95,2023-24,6.94
1630188,Jalen Smith,1610612754,IND,61,36,25,1047.0,426338,80.7,42.9,37.9,4.32,4.66,4.0,2023-24,6.95
1630591,Jalen Suggs,1610612753,ORL,75,43,32,2025.0,807971,153.0,81.8,71.2,4.23,4.4,4.05,2023-24,6.81
1631114,Jalen Williams,1610612760,OKC,71,51,20,2224.0,941697,178.4,98.6,79.7,4.48,5.11,3.88,2023-24,7.21
1630592,Jalen Wilson,1610612751,BKN,41,14,27,612.0,251857,47.7,25.6,22.1,4.33,4.62,4.05,2023-24,6.97
1631288,Jamal Cain,1610612748,MIA,26,14,12,259.0,108985,20.6,10.6,10.0,4.48,4.56,4.4,2023-24,7.21
1627750,Jamal Murray,1610612743,DEN,57,42,15,1790.0,697369,132.1,73.9,58.2,4.14,4.54,3.72,2023-24,6.66
1631123,Jamaree Bouyea,1610612759,SAS,9,2,7,95.0,39744,7.5,4.0,3.5,4.39,4.63,4.15,2023-24,7.07
1630547,James Bouknight,1610612766,CHA,14,0,14,81.0,32245,6.1,3.4,2.7,4.16,4.55,3.75,2023-24,6.69
201935,James Harden,1610612746,LAC,71,45,26,2436.0,824781,156.2,85.0,71.2,3.61,3.86,3.35,2023-24,5.81
201949,James Johnson,1610612754,IND,9,4,5,47.0,17770,3.4,1.7,1.7,3.97,4.34,3.65,2023-24,6.39
1630164,James Wiseman,1610612765,DET,62,9,53,1061.0,436974,82.8,43.9,38.9,4.37,4.7,4.05,2023-24,7.03
1641716,Jarace Walker,1610612754,IND,33,18,15,340.0,134830,25.5,13.8,11.7,4.15,4.53,3.77,2023-24,6.68
1630215,Jared Butler,1610612764,WAS,40,6,34,566.0,231738,43.9,23.1,20.8,4.33,4.82,3.89,2023-24,6.97
1631197,Jared Rhoden,1610612765,DET,17,2,15,245.0,102414,19.4,10.3,9.1,4.4,4.7,4.1,2023-24,7.08
1628991,Jaren Jackson Jr.,1610612763,MEM,66,22,44,2124.0,807469,152.9,82.4,70.5,4.01,4.32,3.71,2023-24,6.45
1629020,Jarred Vanderbilt,1610612747,LAL,28,13,15,567.0,224289,42.5,21.3,21.2,4.5,4.51,4.49,2023-24,7.24
1628386,Jarrett Allen,1610612739,CLE,77,46,31,2442.0,934735,177.0,92.3,84.7,4.08,4.28,3.89,2023-24,6.57
1630554,Jason Preston,1610612762,UTA,7,2,5,71.0,28709,5.4,2.9,2.5,4.26,4.63,3.89,2023-24,6.86
1631241,Javon Freeman-Liberty,1610612761,TOR,21,3,18,385.0,163216,30.9,16.3,14.6,4.5,4.85,4.15,2023-24,7.24
1629750,Javonte Green,1610612741,CHI,9,5,4,230.0,95221,18.0,9.3,8.7,4.41,4.76,4.08,2023-24,7.1
1630606,Javonte Smart,1610612755,PHI,1,1,0,1.0,204,0.0,0.0,0.0,0.0,0.0,0.0,2023-24,0.0
1629637,Jaxson Hayes,1610612747,LAL,69,40,29,860.0,342853,64.9,34.9,30.0,4.25,4.56,3.93,2023-24,6.84
1630643,Jay Huff,1610612743,DEN,19,15,4,48.0,18633,3.5,1.9,1.6,3.94,4.01,3.86,2023-24,6.34
1627759,Jaylen Brown,1610612738,BOS,69,51,18,2308.0,861083,163.1,85.0,78.1,3.96,4.16,3.76,2023-24,6.37
1629669,Jaylen Nowell,1610612765,DET,13,3,10,214.0,86277,16.3,8.3,8.1,4.26,4.39,4.19,2023-24,6.86
1631119,Jaylin Williams,1610612760,OKC,69,48,21,897.0,342628,64.9,35.1,29.8,4.05,4.33,3.77,2023-24,6.52
1628369,Jayson Tatum,1610612738,BOS,73,56,17,2603.0,894626,169.4,91.1,78.4,3.64,3.92,3.37,2023-24,5.86
1630288,Jeff Dowtin Jr.,1610612755,PHI,11,6,5,134.0,52680,10.0,5.3,4.7,4.14,4.45,3.84,2023-24,6.66
201145,Jeff Green,1610612745,HOU,78,39,39,1307.0,474083,89.8,46.0,43.7,3.83,3.99,3.67,2023-24,6.16
203924,Jerami Grant,1610612757,POR,54,17,37,1830.0,714836,135.4,72.3,63.1,4.13,4.37,3.89,2023-24,6.65
1630526,Jeremiah Robinson-Earl,1610612740,NOP,38,22,16,328.0,145594,27.6,14.8,12.8,4.63,5.08,4.2,2023-24,7.45
1631110,Jeremy Sochan,1610612759,SAS,73,17,56,2169.0,917391,173.7,93.0,80.7,4.49,4.88,4.12,2023-24,7.23
1630579,Jericho Sims,1610612752,NYK,45,30,15,585.0,227384,43.1,23.2,19.8,4.21,4.39,4.0,2023-24,6.78
1631257,Jermaine Samuels Jr.,1610612745,HOU,14,8,6,60.0,26340,5.0,2.7,2.3,4.54,4.97,4.12,2023-24,7.31
1629010,Jerome Robinson,1610612744,GSW,21,17,4,79.0,35027,6.6,3.7,2.9,4.56,4.88,4.21,2023-24,7.34
1641724,Jett Howard,1610612753,ORL,18,9,9,67.0,25965,4.9,2.7,2.2,3.95,4.37,3.53,2023-24,6.36
1628975,Jevon Carter,1610612741,CHI,71,35,36,997.0,409153,77.5,38.9,38.6,4.4,4.52,4.29,2023-24,7.08
202710,Jimmy Butler III,1610612748,MIA,60,33,27,2042.0,784874,148.7,78.7,69.9,4.09,4.31,3.86,2023-24,6.58
1629111,Jock Landale,1610612745,HOU,56,28,28,763.0,304158,57.6,30.1,27.5,4.25,4.49,4.0,2023-24,6.84
203925,Joe Harris,1610612765,DET,16,4,12,170.0,73781,14.0,8.1,5.8,4.46,4.98,3.82,2023-24,7.18
204060,Joe Ingles,1610612753,ORL,68,42,26,1169.0,439574,83.3,45.4,37.9,3.97,4.17,3.75,2023-24,6.39
203954,Joel Embiid,1610612755,PHI,39,31,8,1309.0,447756,84.8,45.4,39.4,3.6,3.83,3.36,2023-24,5.79
1628381,John Collins,1610612762,UTA,67,27,40,1868.0,750981,142.2,77.8,64.5,4.23,4.5,3.96,2023-24,6.81
1629723,John Konchar,1610612763,MEM,55,18,37,1174.0,495968,93.9,49.7,44.2,4.51,4.65,4.36,2023-24,7.26
1631098,Johnny Davis,1610612764,WAS,50,8,42,613.0,266141,50.4,25.3,25.1,4.46,4.68,4.26,2023-24,7.18
1630548,Johnny Juzang,1610612762,UTA,19,5,14,366.0,160407,30.4,16.7,13.7,4.62,4.88,4.33,2023-24,7.44
202685,Jonas Valančiūnas,1610612740,NOP,81,49,32,1902.0,716046,135.6,72.0,63.6,4.02,4.27,3.78,2023-24,6.47
1628371,Jonathan Isaac,1610612753,ORL,58,35,23,915.0,372744,70.6,38.2,32.4,4.3,4.61,3.99,2023-24,6.92
1630228,Jonathan Kuminga,1610612744,GSW,73,40,33,1919.0,801469,151.8,81.9,69.9,4.51,4.92,4.11,2023-24,7.26
1629007,Jontay Porter,1610612761,TOR,25,6,19,360.0,145700,27.6,14.5,13.1,4.3,4.7,3.93,2023-24,6.92
203903,Jordan Clarkson,1610612762,UTA,54,22,32,1654.0,667953,126.5,71.9,54.6,4.23,4.65,3.79,2023-24,6.81
1630259,Jordan Ford,1610612758,SAC,6,2,4,22.0,9433,1.8,0.9,0.9,4.54,4.96,4.18,2023-24,7.31
1630692,Jordan Goodwin,1610612763,MEM,57,30,27,1056.0,444964,84.3,44.9,39.3,4.45,4.56,4.31,2023-24,7.16
1641722,Jordan Hawkins,1610612740,NOP,66,38,28,1149.0,493796,93.5,49.7,43.8,4.5,4.75,4.24,2023-24,7.24
1629162,Jordan McLaughlin,1610612750,MIN,56,35,21,626.0,275386,52.2,28.8,23.4,4.66,5.15,4.17,2023-24,7.5
1641757,Jordan Miller,1610612746,LAC,7,4,3,28.0,9260,1.8,1.0,0.8,4.25,4.63,3.86,2023-24,6.84
1629670,Jordan Nwora,1610612761,TOR,51,14,37,699.0,299694,56.8,30.0,26.8,4.52,4.92,4.14,2023-24,7.27
1629673,Jordan Poole,1610612764,WAS,78,15,63,2346.0,911410,172.6,95.8,76.8,4.1,4.65,3.58,2023-24,6.6
1641775,Jordan Walsh,1610612738,BOS,9,9,0,83.0,33075,6.3,3.4,2.9,4.24,4.31,4.17,2023-24,6.82
1630631,Jose Alvarado,1610612740,NOP,55,38,17,1008.0,428884,81.2,41.6,39.6,4.47,4.59,4.34,2023-24,7.19
1630581,Josh Giddey,1610612760,OKC,80,56,24,2012.0,838693,158.8,84.2,74.6,4.42,4.8,4.06,2023-24,7.11
1630182,Josh Green,1610612742,DAL,56,31,25,1478.0,640590,121.3,61.2,60.2,4.6,4.7,4.52,2023-24,7.4
1628404,Josh Hart,1610612752,NYK,81,49,32,2707.0,1043665,197.7,110.2,87.5,4.07,4.33,3.79,2023-24,6.55
1631169,Josh Minott,1610612750,MIN,32,23,9,91.0,40663,7.7,4.2,3.5,4.49,4.86,4.12,2023-24,7.23
1629006,Josh Okogie,1610612756,PHX,60,37,23,960.0,388631,73.6,36.6,37.0,4.33,4.23,4.43,2023-24,6.97
1626196,Josh Richardson,1610612748,MIA,43,24,19,1103.0,435665,82.5,44.7,37.8,4.27,4.6,3.94,2023-24,6.87
1630563,Joshua Primo,1610612746,LAC,2,2,0,10.0,2204,0.4,0.2,0.2,4.11,3.72,4.59,2023-24,6.61
201950,Jrue Holiday,1610612738,BOS,68,52,16,2228.0,868101,164.4,85.7,78.7,4.13,4.37,3.9,2023-24,6.65
1629308,Juan Toscano-Anderson,1610612758,SAC,11,7,4,53.0,20852,3.9,2.1,1.8,4.6,5.18,4.07,2023-24,7.4
1631262,Jules Bernard,1610612764,WAS,19,2,17,149.0,61265,11.6,6.2,5.5,4.36,4.8,4.02,2023-24,7.02
1630577,Julian Champagnie,1610612759,SAS,73,18,55,1434.0,619045,117.2,62.3,54.9,4.61,5.04,4.2,2023-24,7.42
1641763,Julian Phillips,1610612741,CHI,39,20,19,317.0,134987,25.6,13.4,12.2,4.62,4.92,4.33,2023-24,7.44
1631124,Julian Strawther,1610612743,DEN,48,32,16,533.0,223672,42.4,23.4,19.0,4.44,4.85,4.03,2023-24,7.15
203944,Julius Randle,1610612752,NYK,46,29,17,1630.0,596287,112.9,62.9,50.1,3.88,4.09,3.64,2023-24,6.24
1630551,Justin Champagnie,1610612764,WAS,15,3,12,235.0,100619,19.1,9.9,9.2,4.5,4.78,4.23,2023-24,7.24
203200,Justin Holiday,1610612743,DEN,57,37,20,837.0,336586,63.7,34.4,29.3,4.23,4.5,3.96,2023-24,6.81
1628382,Justin Jackson,1610612750,MIN,2,2,0,1.0,211,0.0,0.0,0.0,0.0,0.0,0.0,2023-24,0.0
1631303,Justin Minaya,1610612757,POR,34,3,31,381.0,172997,32.8,16.9,15.8,4.78,4.85,4.67,2023-24,7.69
203994,Jusuf Nurkić,1610612756,PHX,75,48,27,2050.0,770156,145.9,77.6,68.2,4.05,4.25,3.85,2023-24,6.52
1630231,KJ Martin,1610612755,PHI,60,33,27,746.0,297152,56.3,30.1,26.2,4.18,4.43,3.92,2023-24,6.73
1629232,Kaiser Gates,1610612740,NOP,1,0,1,7.0,3522,0.7,0.3,0.3,5.29,4.85,4.24,2023-24,8.51
1626157,Karl-Anthony Towns,1610612750,MIN,62,42,20,2026.0,743503,140.8,72.5,68.3,3.88,3.95,3.81,2023-24,6.24
202695,Kawhi Leonard,1610612746,LAC,67,43,24,2292.0,894259,169.4,92.3,77.1,4.14,4.45,3.82,2023-24,6.66
1631099,Keegan Murray,1610612758,SAC,77,43,34,2589.0,1077795,204.1,108.1,96.1,4.43,4.8,4.09,2023-24,7.13
1628966,Keita Bates-Diop,1610612751,BKN,53,29,24,665.0,262476,49.7,26.5,23.3,4.25,4.46,4.04,2023-24,6.84
1629640,Keldon Johnson,1610612759,SAS,68,16,52,2007.0,810911,153.6,82.7,70.9,4.25,4.61,3.9,2023-24,6.84
203482,Kelly Olynyk,1610612761,TOR,77,31,46,1726.0,667037,126.3,68.2,58.1,4.05,4.41,3.69,2023-24,6.52
1626162,Kelly Oubre Jr.,1610612755,PHI,67,39,28,2031.0,829038,157.0,83.5,73.5,4.32,4.53,4.1,2023-24,6.95
1631112,Kendall Brown,1610612754,IND,15,10,5,62.0,25574,4.8,2.4,2.4,4.2,4.31,4.09,2023-24,6.76
1631254,Kenneth Lofton Jr.,1610612762,UTA,21,7,14,198.0,76789,14.5,7.7,6.8,4.05,4.37,3.73,2023-24,6.52
1629026,Kenrich Williams,1610612760,OKC,69,49,20,1029.0,420662,79.7,41.9,37.8,4.32,4.69,3.98,2023-24,6.95
203484,Kentavious Caldwell-Pope,1610612743,DEN,74,52,22,2341.0,855600,162.0,84.4,77.6,3.88,4.01,3.75,2023-24,6.24
1631165,Keon Ellis,1610612758,SAC,57,33,24,978.0,420524,79.6,40.8,38.8,4.58,4.79,4.39,2023-24,7.37
1630553,Keon Johnson,1610612751,BKN,4,0,4,51.0,20637,3.9,2.0,1.9,4.28,4.51,4.05,2023-24,6.89
1630556,Kessler Edwards,1610612758,SAC,54,32,22,275.0,117460,22.2,11.8,10.4,4.53,4.95,4.14,2023-24,7.29
201142,Kevin Durant,1610612756,PHX,74,44,30,2753.0,965785,182.9,98.7,84.3,3.72,3.97,3.47,2023-24,5.99
1628989,Kevin Huerter,1610612758,SAC,64,37,27,1562.0,669811,126.9,68.5,58.4,4.59,5.1,4.1,2023-24,7.39
1628995,Kevin Knox II,1610612765,DET,31,4,27,560.0,228212,43.2,23.2,20.0,4.3,4.64,3.96,2023-24,6.92
201567,Kevin Love,1610612748,MIA,55,31,24,924.0,338748,64.2,34.4,29.8,3.97,4.26,3.67,2023-24,6.39
1630284,Kevon Harris,1610612753,ORL,2,1,1,6.0,2568,0.5,0.3,0.2,4.33,5.63,3.22,2023-24,6.97
1626172,Kevon Looney,1610612744,GSW,74,43,31,1194.0,461728,87.4,46.0,41.4,4.1,4.23,3.96,2023-24,6.6
1641749,Keyontae Johnson,1610612760,OKC,9,7,2,66.0,26165,5.0,2.7,2.2,4.24,4.34,3.94,2023-24,6.82
1641718,Keyonte George,1610612762,UTA,74,27,47,1984.0,753301,142.7,79.6,63.1,3.99,4.29,3.68,2023-24,6.42
203114,Khris Middleton,1610612749,MIL,55,31,24,1487.0,583554,110.5,59.3,51.2,4.16,4.52,3.8,2023-24,6.69
1630165,Killian Hayes,1610612765,DET,42,7,35,1008.0,400980,75.9,41.6,34.4,4.19,4.63,3.77,2023-24,6.74
1630184,Kira Lewis Jr.,1610612762,UTA,27,10,17,258.0,113719,21.5,11.5,10.1,4.5,4.71,4.32,2023-24,7.24
202691,Klay Thompson,1610612744,GSW,76,41,35,2259.0,889266,168.4,95.0,73.4,4.25,4.81,3.7,2023-24,6.84
1641738,Kobe Brown,1610612746,LAC,43,26,17,393.0,158261,30.0,16.3,13.7,4.25,4.51,3.97,2023-24,6.84
1641723,Kobe Bufkin,1610612737,ATL,17,8,9,196.0,79111,15.0,8.2,6.8,4.24,4.55,3.92,2023-24,6.82
1628424,Kobi Simmons,1610612761,TOR,4,0,4,67.0,28875,5.5,2.8,2.7,4.5,4.79,4.24,2023-24,7.24
1627739,Kris Dunn,1610612762,UTA,65,25,40,1234.0,509896,96.6,51.1,45.5,4.37,4.55,4.18,2023-24,7.03
1631200,Kris Murray,1610612757,POR,61,11,50,1324.0,556099,105.3,54.9,50.4,4.45,4.63,4.27,2023-24,7.16
204001,Kristaps Porziņģis,1610612738,BOS,57,43,14,1690.0,623177,118.0,63.2,54.8,3.91,4.22,3.61,2023-24,6.29
203937,Kyle Anderson,1610612750,MIN,79,55,24,1782.0,691683,131.0,69.5,61.5,4.07,4.35,3.79,2023-24,6.55
1628398,Kyle Kuzma,1610612764,WAS,70,13,57,2281.0,914402,173.2,93.7,79.5,4.26,4.72,3.82,2023-24,6.86
200768,Kyle Lowry,1610612755,PHI,59,31,28,1667.0,601220,113.9,62.5,51.4,3.89,4.22,3.55,2023-24,6.26
202681,Kyrie Irving,1610612742,DAL,57,38,19,2000.0,747507,141.6,76.4,65.2,3.97,4.33,3.61,2023-24,6.39
1630163,LaMelo Ball,1610612766,CHA,22,7,15,711.0,299125,56.7,31.5,25.2,4.39,4.93,3.85,2023-24,7.07
1630205,Lamar Stevens,1610612763,MEM,38,22,16,559.0,221524,42.0,22.6,19.4,4.18,4.47,3.89,2023-24,6.73
1629013,Landry Shamet,1610612764,WAS,46,6,40,726.0,322620,61.1,33.6,27.5,4.7,5.33,4.11,2023-24,7.56
1626204,Larry Nance Jr.,1610612740,NOP,61,34,27,1216.0,470228,89.1,47.5,41.5,4.07,4.35,3.77,2023-24,6.55
1628374,Lauri Markkanen,1610612762,UTA,55,22,33,1820.0,725469,137.4,76.1,61.3,4.18,4.53,3.82,2023-24,6.73
2544,LeBron James,1610612747,LAL,70,40,30,2481.0,843991,159.8,86.4,73.5,3.68,4.03,3.35,2023-24,5.92
1641778,Leaky Black,1610612766,CHA,26,2,24,284.0,117082,22.2,12.0,10.1,4.38,4.62,4.08,2023-24,7.05
1631159,Leonard Miller,1610612750,MIN,17,13,4,52.0,22623,4.3,2.3,2.0,4.46,4.69,4.22,2023-24,7.18
1631311,Lester Quinones,1610612744,GSW,36,24,12,385.0,172534,32.7,17.8,14.8,4.68,4.98,4.33,2023-24,7.53
1629623,Lindell Wigginton,1610612749,MIL,3,3,0,8.0,3164,0.6,0.3,0.3,4.29,3.74,5.05,2023-24,6.9
1630322,Lindy Waters III,1610612760,OKC,38,25,13,280.0,119116,22.6,12.5,10.1,4.5,4.86,4.12,2023-24,7.24
1629022,Lonnie Walker IV,1610612751,BKN,57,23,34,982.0,373337,70.7,38.0,32.7,4.0,4.3,3.7,2023-24,6.44
1629652,Luguentz Dort,1610612760,OKC,79,54,25,2246.0,905993,171.6,89.4,82.2,4.26,4.56,3.98,2023-24,6.86
1629029,Luka Dončić,1610612742,DAL,69,45,24,2587.0,895637,169.6,94.8,74.9,3.68,4.12,3.24,2023-24,5.92
1630568,Luka Garza,1610612750,MIN,25,17,8,122.0,54926,10.4,5.7,4.7,4.66,4.99,4.31,2023-24,7.5
1629677,Luka Samanic,1610612762,UTA,42,15,27,390.0,162284,30.7,16.4,14.4,4.36,4.72,4.04,2023-24,7.02
1628379,Luke Kennard,1610612763,MEM,39,15,24,999.0,392827,74.4,41.2,33.2,4.15,4.46,3.82,2023-24,6.68
1628436,Luke Kornet,1610612738,BOS,62,47,15,964.0,379860,71.9,38.1,33.8,4.18,4.38,3.98,2023-24,6.73
1630201,Malachi Flynn,1610612765,DET,68,28,40,875.0,367548,69.6,37.2,32.4,4.41,4.73,4.1,2023-24,7.1
1631103,Malaki Branham,1610612759,SAS,74,17,57,1565.0,669757,126.8,68.3,58.5,4.53,4.92,4.15,2023-24,7.29
1627763,Malcolm Brogdon,1610612757,POR,39,15,24,1121.0,418273,79.2,43.9,35.3,3.95,4.31,3.58,2023-24,6.36
1630608,Malcolm Cazalon,1610612765,DET,1,0,1,3.0,930,0.2,0.1,0.1,4.05,4.29,3.84,2023-24,6.52
1627736,Malik Beasley,1610612749,MIL,79,46,33,2337.0,927459,175.7,90.5,85.1,4.21,4.37,4.05,2023-24,6.78
1628370,Malik Monk,1610612758,SAC,72,42,30,1872.0,771441,146.1,81.9,64.2,4.34,4.92,3.77,2023-24,6.98
1642013,Malik Williams,1610612761,TOR,7,2,5,107.0,43318,8.2,4.3,3.9,4.32,4.55,4.09,2023-24,6.95
1629603,Mamadi Diakite,1610612752,NYK,6,5,1,24.0,9949,1.9,1.0,0.9,4.29,4.61,3.97,2023-24,6.9
1641970,Maozinha Pereira,1610612763,MEM,7,2,5,122.0,53306,10.1,5.4,4.7,4.69,4.88,4.49,2023-24,7.55
1630699,MarJon Beauchamp,1610612749,MIL,48,30,18,608.0,258970,49.0,25.4,23.7,4.39,4.62,4.18,2023-24,7.07
202694,Marcus Morris Sr.,1610612739,CLE,49,26,23,817.0,317610,60.2,32.5,27.6,4.11,4.36,3.83,2023-24,6.61
1631204,Marcus Sasser,1610612765,DET,70,11,59,1333.0,534277,101.2,55.3,45.9,4.23,4.59,3.86,2023-24,6.81
203935,Marcus Smart,1610612763,MEM,20,7,13,605.0,225473,42.7,22.8,19.9,3.88,4.24,3.54,2023-24,6.24
1631109,Mark Williams,1610612766,CHA,19,7,12,508.0,201003,38.1,20.2,17.9,4.19,4.45,3.93,2023-24,6.74
1628365,Markelle Fultz,1610612753,ORL,43,25,18,910.0,384054,72.7,38.8,34.0,4.47,4.66,4.28,2023-24,7.19
202693,Markieff Morris,1610612742,DAL,25,14,11,213.0,75722,14.3,7.6,6.8,3.74,3.94,3.58,2023-24,6.02
1641806,Markquis Nowell,1610612761,TOR,1,0,1,4.0,1685,0.3,0.2,0.2,4.78,7.31,5.63,2023-24,7.69
1629716,Marques Bolden,1610612766,CHA,11,5,6,121.0,47543,9.0,4.7,4.3,4.1,4.37,3.84,2023-24,6.6
1628963,Marvin Bagley III,1610612764,WAS,50,7,43,1053.0,436204,82.6,43.8,38.8,4.4,4.68,4.13,2023-24,7.08
1630222,Mason Jones,1610612758,SAC,5,3,2,28.0,11978,2.3,1.3,1.0,4.58,5.46,3.78,2023-24,7.37
203486,Mason Plumlee,1610612746,LAC,46,29,17,674.0,280653,53.2,29.2,24.0,4.39,4.68,4.07,2023-24,7.07
1629680,Matisse Thybulle,1610612757,POR,64,17,47,1455.0,587516,111.3,56.4,54.9,4.26,4.31,4.21,2023-24,6.86
1630562,Matt Hurt,1610612763,MEM,8,2,6,113.0,46114,8.7,4.8,3.9,4.29,4.51,4.04,2023-24,6.9
1630346,Matt Ryan,1610612740,NOP,28,14,14,390.0,166960,31.6,17.1,14.5,4.38,4.72,4.05,2023-24,7.05
1631108,Max Christie,1610612747,LAL,66,37,29,927.0,380717,72.1,38.7,33.4,4.37,4.68,4.05,2023-24,7.03
1629622,Max Strus,1610612739,CLE,70,43,27,2239.0,955118,180.9,100.1,80.8,4.53,5.08,3.98,2023-24,7.29
1628467,Maxi Kleber,1610612742,DAL,42,26,16,854.0,322207,61.0,31.7,29.3,3.96,4.14,3.78,2023-24,6.37
1641721,Maxwell Lewis,1610612747,LAL,33,17,16,95.0,36700,7.0,3.5,3.4,4.02,3.94,4.0,2023-24,6.47
1630695,Micah Potter,1610612762,UTA,16,3,13,186.0,77169,14.6,7.6,7.0,4.34,4.42,4.26,2023-24,6.98
1629008,Michael Porter Jr.,1610612743,DEN,79,55,24,2508.0,943049,178.6,94.4,84.2,4.01,4.15,3.87,2023-24,6.45
1628969,Mikal Bridges,1610612751,BKN,79,32,47,2759.0,1117836,211.7,117.3,94.5,4.3,4.67,3.91,2023-24,6.92
201144,Mike Conley,1610612750,MIN,76,53,23,2193.0,879772,166.6,92.5,74.1,4.25,4.64,3.85,2023-24,6.84
203488,Mike Muscala,1610612760,OKC,53,17,36,600.0,249655,47.3,25.7,21.6,4.39,4.69,4.07,2023-24,7.07
1628970,Miles Bridges,1610612766,CHA,68,16,52,2542.0,1012178,191.7,105.8,85.9,4.23,4.63,3.83,2023-24,6.81
1630540,Miles McBride,1610612752,NYK,68,42,26,1328.0,546692,103.5,55.2,48.3,4.38,4.48,4.26,2023-24,7.05
1629011,Mitchell Robinson,1610612752,NYK,31,19,12,768.0,291356,55.2,30.0,25.2,3.98,4.01,3.94,2023-24,6.41
1628964,Mo Bamba,1610612755,PHI,56,29,27,722.0,281330,53.3,29.0,24.2,4.14,4.33,3.91,2023-24,6.66
1628420,Monté Morris,1610612750,MIN,33,21,12,476.0,188614,35.7,19.5,16.2,4.19,4.57,3.81,2023-24,6.74
1629021,Moritz Wagner,1610612753,ORL,80,46,34,1415.0,570942,108.1,59.2,48.9,4.24,4.52,3.95,2023-24,6.82
1629650,Moses Brown,1610612757,POR,22,4,18,200.0,80001,15.2,8.3,6.8,4.25,4.51,3.92,2023-24,6.84
1630541,Moses Moody,1610612744,GSW,65,38,27,1130.0,456717,86.5,47.3,39.2,4.26,4.55,3.96,2023-24,6.86
1631338,Mouhamadou Gueye,1610612761,TOR,11,0,11,120.0,51610,9.8,5.1,4.7,4.55,4.86,4.27,2023-24,7.32
1631243,Mouhamed Gueye,1610612737,ATL,6,2,4,73.0,31363,5.9,3.2,2.7,4.32,4.33,4.31,2023-24,6.95
1631217,Moussa Diabaté,1610612746,LAC,11,7,4,64.0,27994,5.3,2.8,2.5,4.43,4.54,4.31,2023-24,7.13
1626167,Myles Turner,1610612754,IND,77,45,32,2076.0,811698,153.7,81.2,72.5,4.17,4.54,3.81,2023-24,6.71
1630230,Naji Marshall,1610612740,NOP,65,41,24,1245.0,507380,96.1,49.9,46.2,4.3,4.49,4.12,2023-24,6.92
1629642,Nassir Little,1610612756,PHX,45,28,17,458.0,184213,34.9,18.6,16.3,4.23,4.47,3.99,2023-24,6.81
1630207,Nate Hinton,1610612745,HOU,15,8,7,75.0,33694,6.4,3.4,3.0,4.74,5.19,4.32,2023-24,7.63
1631466,Nate Williams,1610612745,HOU,22,11,11,129.0,56043,10.6,5.4,5.2,4.48,4.79,4.21,2023-24,7.21
1641877,Nathan Mensah,1610612766,CHA,25,3,22,307.0,120651,22.9,12.3,10.5,4.15,4.24,4.02,2023-24,6.68
1629675,Naz Reid,1610612750,MIN,81,56,25,1964.0,772800,146.4,77.5,68.9,4.15,4.41,3.9,2023-24,6.68
1629674,Neemias Queta,1610612738,BOS,28,24,4,333.0,133050,25.2,13.5,11.7,4.24,4.43,4.03,2023-24,6.82
1629651,Nic Claxton,1610612751,BKN,68,27,41,2033.0,805968,152.6,80.8,71.8,4.22,4.41,4.02,2023-24,6.79
1630208,Nick Richards,1610612766,CHA,66,13,53,1728.0,708006,134.1,71.1,63.0,4.36,4.53,4.19,2023-24,7.02
1641733,Nick Smith Jr.,1610612766,CHA,50,8,42,712.0,305968,57.9,31.7,26.2,4.55,4.89,4.19,2023-24,7.32
1629638,Nickeil Alexander-Walker,1610612750,MIN,82,56,26,1921.0,831420,157.5,83.8,73.7,4.56,4.89,4.24,2023-24,7.34
201587,Nicolas Batum,1610612755,PHI,59,35,24,1509.0,632477,119.8,63.0,56.8,4.43,4.61,4.26,2023-24,7.13
203999,Nikola Jokić,1610612743,DEN,77,53,24,2670.0,958040,181.4,101.1,80.4,3.81,4.19,3.43,2023-24,6.13
1631107,Nikola Jović,1610612748,MIA,46,24,22,896.0,358650,67.9,36.5,31.4,4.41,4.82,4.0,2023-24,7.1
202696,Nikola Vučević,1610612741,CHI,75,36,39,2574.0,912845,172.9,89.9,83.0,3.83,4.05,3.62,2023-24,6.16
1641730,Noah Clowney,1610612751,BKN,22,10,12,329.0,132853,25.2,13.4,11.8,4.26,4.44,4.06,2023-24,6.86
1626181,Norman Powell,1610612746,LAC,75,47,28,1963.0,752024,142.4,76.6,65.8,4.03,4.3,3.76,2023-24,6.49
1628384,OG Anunoby,1610612752,NYK,50,31,19,1702.0,653796,123.8,64.0,59.9,4.06,4.14,3.99,2023-24,6.53
1630167,Obi Toppin,1610612754,IND,82,47,35,1731.0,762382,144.4,76.4,68.0,4.64,4.97,4.31,2023-24,7.47
1630534,Ochai Agbaji,1610612761,TOR,77,31,46,1620.0,681433,129.1,68.3,60.8,4.43,4.7,4.15,2023-24,7.13
1630846,Olivier Sarr,1610612760,OKC,15,8,7,98.0,40244,7.6,4.3,3.3,4.37,4.93,3.8,2023-24,7.03
1641765,Olivier-Maxence Prosper,1610612742,DAL,40,24,16,336.0,143461,27.2,14.2,13.0,4.53,4.69,4.36,2023-24,7.29
1630209,Omer Yurtseven,1610612762,UTA,47,17,30,541.0,218063,41.3,22.6,18.7,4.26,4.43,4.06,2023-24,6.86
1641931,Onuralp Bitim,1610612741,CHI,22,11,11,258.0,105877,20.1,10.4,9.6,4.34,4.59,4.06,2023-24,6.98
1630168,Onyeka Okongwu,1610612737,ATL,55,23,32,1405.0,536776,101.7,51.7,50.0,4.11,4.23,3.99,2023-24,6.61
1631115,Orlando Robinson,1610612748,MIA,36,20,16,304.0,123212,23.3,12.4,10.9,4.25,4.39,4.1,2023-24,6.84
1631131,Oscar Tshiebwe,1610612754,IND,8,2,6,42.0,17736,3.4,1.7,1.7,4.39,4.56,4.22,2023-24,7.07
1629052,Oshae Brissett,1610612738,BOS,55,46,9,630.0,256995,48.7,26.1,22.6,4.32,4.49,4.14,2023-24,6.95
203490,Otto Porter Jr.,1610612761,TOR,15,6,9,174.0,72181,13.7,7.3,6.3,4.31,4.56,3.99,2023-24,6.94
1631172,Ousmane Dieng,1610612760,OKC,33,21,12,365.0,150025,28.4,15.7,12.7,4.37,4.75,3.98,2023-24,7.03
200782,P.J. Tucker,1610612746,LAC,31,13,18,486.0,190099,36.0,18.7,17.3,4.11,4.19,4.03,2023-24,6.61
1629023,P.J. Washington,1610612742,DAL,72,29,43,2192.0,868382,164.5,87.9,76.6,4.2,4.51,3.89,2023-24,6.76
1631094,Paolo Banchero,1610612753,ORL,80,46,34,2799.0,1065719,201.8,113.4,88.4,4.02,4.38,3.63,2023-24,6.47
1627783,Pascal Siakam,1610612754,IND,80,38,42,2658.0,1067449,202.2,109.0,93.2,4.25,4.71,3.81,2023-24,6.84
1626192,Pat Connaughton,1610612749,MIL,76,45,31,1676.0,681206,129.0,68.8,60.3,4.26,4.56,3.97,2023-24,6.86
1630311,Pat Spencer,1610612744,GSW,5,4,1,24.0,10374,2.0,1.1,0.8,4.57,5.01,3.66,2023-24,7.35
1631116,Patrick Baldwin Jr.,1610612764,WAS,38,6,32,494.0,208814,39.5,21.0,18.6,4.47,5.02,3.99,2023-24,7.19
201976,Patrick Beverley,1610612749,MIL,73,43,30,1462.0,596039,112.9,60.7,52.2,4.29,4.56,4.01,2023-24,6.9
1630172,Patrick Williams,1610612741,CHI,43,19,24,1174.0,471096,89.2,47.3,42.0,4.27,4.62,3.95,2023-24,6.87
201988,Patty Mills,1610612748,MIA,32,15,17,415.0,181243,34.3,18.5,15.9,4.64,4.94,4.35,2023-24,7.47
202331,Paul George,1610612746,LAC,73,47,26,2462.0,923840,175.0,95.6,79.4,4.01,4.31,3.7,2023-24,6.45
1630194,Paul Reed,1610612755,PHI,81,46,35,1560.0,642773,121.7,65.2,56.6,4.35,4.61,4.1,2023-24,7.0
1630202,Payton Pritchard,1610612738,BOS,81,63,18,1803.0,725657,137.4,74.4,63.1,4.27,4.54,3.99,2023-24,6.87
1631250,Pete Nance,1610612739,CLE,8,3,5,27.0,10243,1.9,1.0,0.9,3.82,3.94,3.7,2023-24,6.15
1631212,Peyton Watson,1610612743,DEN,78,54,24,1442.0,601374,113.9,60.2,53.7,4.4,4.61,4.18,2023-24,7.08
1630173,Precious Achiuwa,1610612752,NYK,74,40,34,1624.0,641096,121.4,65.3,56.1,4.18,4.31,4.03,2023-24,6.73
1629656,Quentin Grimes,1610612765,DET,51,32,19,1025.0,392572,74.4,39.8,34.5,4.09,4.23,3.93,2023-24,6.58
1631245,Quenton Jackson,1610612754,IND,3,3,0,11.0,4054,0.8,0.4,0.4,4.11,4.37,3.88,2023-24,6.61
1630181,R.J. Hampton,1610612748,MIA,8,3,5,76.0,31613,6.0,3.2,2.8,4.48,4.77,4.2,2023-24,7.21
1629628,RJ Barrett,1610612761,TOR,58,26,32,1838.0,751551,142.3,75.5,66.8,4.35,4.72,3.99,2023-24,7.0
1630564,RaiQuan Gray,1610612759,SAS,3,2,1,39.0,15715,3.0,1.6,1.4,4.3,4.7,3.92,2023-24,6.92
1641712,Rayan Rupert,1610612757,POR,38,6,32,621.0,269749,51.1,27.3,23.8,4.6,4.89,4.31,2023-24,7.4
203493,Reggie Bullock Jr.,1610612745,HOU,44,24,20,417.0,161917,30.7,16.0,14.7,4.18,4.47,3.9,2023-24,6.73
202704,Reggie Jackson,1610612743,DEN,80,55,25,1792.0,690999,130.9,72.0,58.9,4.09,4.41,3.75,2023-24,6.58
1626158,Richaun Holmes,1610612764,WAS,40,13,27,554.0,214286,40.6,20.9,19.7,4.11,4.22,4.0,2023-24,6.61
1641741,Ricky Council IV,1610612755,PHI,31,14,17,281.0,119107,22.6,11.7,10.8,4.42,4.75,4.08,2023-24,7.11
203496,Robert Covington,1610612755,PHI,29,20,9,488.0,191341,36.2,19.5,16.8,4.08,4.32,3.86,2023-24,6.57
1629057,Robert Williams III,1610612757,POR,6,2,4,119.0,46158,8.7,4.7,4.1,4.0,4.32,3.78,2023-24,6.44
201577,Robin Lopez,1610612749,MIL,16,10,6,65.0,25043,4.7,2.6,2.1,4.01,4.27,3.73,2023-24,6.45
1631199,Ron Harper Jr.,1610612761,TOR,1,1,0,4.0,1724,0.3,0.2,0.1,4.22,4.7,3.51,2023-24,6.79
1626220,Royce O'Neale,1610612756,PHX,77,38,39,1895.0,767011,145.3,82.0,63.3,4.26,4.72,3.78,2023-24,6.86
203497,Rudy Gobert,1610612750,MIN,76,53,23,2593.0,1025004,194.1,102.1,92.0,4.18,4.37,3.99,2023-24,6.73
1629060,Rui Hachimura,1610612747,LAL,67,39,28,1804.0,706564,133.8,70.0,63.8,4.22,4.44,4.01,2023-24,6.79
201566,Russell Westbrook,1610612746,LAC,68,45,23,1529.0,583460,110.5,59.9,50.6,4.01,4.38,3.64,2023-24,6.45
1627853,Ryan Arcidiacono,1610612752,NYK,20,15,5,45.0,18233,3.5,1.9,1.6,4.53,5.02,4.05,2023-24,7.29
1631157,Ryan Rollins,1610612749,MIL,13,1,12,78.0,33883,6.4,3.0,3.4,4.4,4.91,4.04,2023-24,7.08
1630240,Saben Lee,1610612756,PHX,23,15,8,181.0,75301,14.3,7.4,6.8,4.49,4.67,4.25,2023-24,7.23
1630180,Saddiq Bey,1610612737,ATL,63,28,35,2062.0,809755,153.4,78.8,74.5,4.23,4.39,4.06,2023-24,6.81
1630573,Sam Hauser,1610612738,BOS,78,61,17,1723.0,735123,139.2,75.9,63.3,4.52,4.91,4.13,2023-24,7.27
1630241,Sam Merrill,1610612739,CLE,61,36,25,1069.0,442619,83.8,45.9,38.0,4.38,4.76,4.0,2023-24,7.05
1630572,Sandro Mamukelashvili,1610612759,SAS,45,11,34,445.0,191020,36.2,19.8,16.4,4.54,5.08,4.03,2023-24,7.31
1630583,Santi Aldama,1610612763,MEM,61,23,38,1618.0,660589,125.1,67.2,57.9,4.33,4.54,4.12,2023-24,6.97
1628426,Sasha Vezenkov,1610612758,SAC,42,22,20,511.0,219113,41.5,22.4,19.1,4.55,4.95,4.16,2023-24,7.32
1630703,Scoot Henderson,1610612757,POR,61,17,44,1739.0,723170,137.0,72.7,64.3,4.38,4.63,4.13,2023-24,7.05
1630567,Scottie Barnes,1610612761,TOR,60,22,38,2094.0,844687,160.0,84.8,75.2,4.25,4.65,3.88,2023-24,6.84
1630590,Scotty Pippen Jr.,1610612763,MEM,21,5,16,527.0,224081,42.4,22.7,19.7,4.53,4.7,4.36,2023-24,7.29
203552,Seth Curry,1610612766,CHA,44,25,19,615.0,242954,46.0,24.8,21.2,4.23,4.47,3.98,2023-24,6.81
1641754,Seth Lundy,1610612737,ATL,9,2,7,52.0,21330,4.0,2.1,2.0,4.31,4.74,4.12,2023-24,6.94
1631101,Shaedon Sharpe,1610612757,POR,32,8,24,1059.0,423042,80.1,42.9,37.3,4.2,4.51,3.91,2023-24,6.76
1628983,Shai Gilgeous-Alexander,1610612760,OKC,75,55,20,2553.0,993833,188.2,102.7,85.5,4.1,4.61,3.62,2023-24,6.6
1629003,Shake Milton,1610612752,NYK,48,32,16,581.0,233920,44.3,24.0,20.3,4.22,4.57,3.87,2023-24,6.79
1627885,Shaquille Harrison,1610612763,MEM,3,1,2,6.0,2313,0.4,0.2,0.2,3.58,3.47,3.69,2023-24,5.76
1631321,Sidy Cissoko,1610612759,SAS,12,5,7,141.0,58262,11.0,5.9,5.1,4.35,4.8,3.93,2023-24,7.0
1631323,Simone Fontecchio,1610612765,DET,65,29,36,1612.0,685402,129.8,71.1,58.7,4.49,4.85,4.12,2023-24,7.23
1630219,Skylar Mays,1610612747,LAL,38,14,24,433.0,167212,31.7,17.2,14.5,4.08,4.34,3.8,2023-24,6.57
203915,Spencer Dinwiddie,1610612747,LAL,75,38,37,2120.0,770739,146.0,79.3,66.7,3.9,4.19,3.6,2023-24,6.28
1630649,Stanley Umude,1610612765,DET,23,4,19,294.0,117791,22.3,11.7,10.6,4.2,4.48,3.93,2023-24,6.76
201939,Stephen Curry,1610612744,GSW,74,43,31,2422.0,951424,180.2,103.9,76.3,4.24,4.9,3.58,2023-24,6.82
1629004,Svi Mykhailiuk,1610612738,BOS,41,32,9,413.0,167032,31.6,17.3,14.4,4.28,4.54,4.02,2023-24,6.89
204456,T.J. McConnell,1610612754,IND,71,40,31,1291.0,574503,108.8,58.3,50.5,4.68,5.02,4.35,2023-24,7.53
203933,T.J. Warren,1610612750,MIN,11,7,4,125.0,50825,9.6,5.0,4.7,4.32,4.52,4.21,2023-24,6.95
201959,Taj Gibson,1610612765,DET,20,8,12,204.0,77549,14.7,7.8,6.9,4.15,4.23,4.07,2023-24,6.68
1629659,Talen Horton-Tucker,1610612762,UTA,50,14,36,1000.0,381895,72.3,40.1,32.2,3.99,4.41,3.57,2023-24,6.42
1631106,Tari Eason,1610612745,HOU,22,12,10,480.0,196101,37.1,20.0,17.1,4.24,4.51,3.96,2023-24,6.82
1627752,Taurean Prince,1610612747,LAL,77,43,34,2084.0,774796,146.7,74.4,72.3,3.99,4.09,3.89,2023-24,6.42
1641707,Taylor Hendricks,1610612762,UTA,40,13,27,856.0,353424,66.9,35.2,31.7,4.37,4.45,4.28,2023-24,7.03
1631386,Tazé Moore,1610612757,POR,4,1,3,40.0,17616,3.3,1.8,1.5,4.5,4.73,4.25,2023-24,7.24
1629611,Terance Mann,1610612746,LAC,74,46,28,1848.0,740654,140.3,73.5,66.8,4.3,4.39,4.21,2023-24,6.92
1631173,Terquavion Smith,1610612755,PHI,15,7,8,79.0,32878,6.2,3.2,3.1,4.32,4.85,4.01,2023-24,6.95
1626179,Terry Rozier,1610612748,MIA,61,22,39,2040.0,843999,159.8,88.0,71.8,4.4,4.75,4.03,2023-24,7.08
1630678,Terry Taylor,1610612741,CHI,30,12,18,187.0,78673,14.9,7.5,7.4,4.46,4.76,4.19,2023-24,7.18
201152,Thaddeus Young,1610612756,PHX,33,12,21,440.0,172593,32.7,17.2,15.5,4.15,4.47,3.85,2023-24,6.68
203648,Thanasis Antetokounmpo,1610612749,MIL,34,21,13,155.0,63872,12.1,6.2,5.9,4.29,4.33,4.25,2023-24,6.9
1630177,Theo Maledon,1610612756,PHX,17,5,12,213.0,93007,17.6,9.7,7.9,4.44,4.89,3.99,2023-24,7.15
1628418,Thomas Bryant,1610612748,MIA,38,22,16,441.0,165043,31.3,16.9,14.4,4.12,4.37,3.85,2023-24,6.63
203501,Tim Hardaway Jr.,1610612742,DAL,78,48,30,2103.0,784117,148.5,79.5,69.0,4.0,4.31,3.7,2023-24,6.44
1641851,Timmy Allen,1610612763,MEM,5,0,5,125.0,52965,10.0,5.7,4.4,4.4,4.75,4.11,2023-24,7.08
202699,Tobias Harris,1610612755,PHI,69,40,29,2338.0,924928,175.2,95.5,79.7,4.18,4.47,3.88,2023-24,6.73
1628470,Torrey Craig,1610612741,CHI,52,22,30,1035.0,430888,81.6,42.9,38.7,4.54,4.81,4.27,2023-24,7.31
1641787,Tosan Evbuomwan,1610612765,DET,17,1,16,367.0,152039,28.8,14.9,13.9,4.42,4.62,4.23,2023-24,7.11
1641739,Toumani Camara,1610612757,POR,69,18,51,1707.0,742397,140.6,72.4,68.2,4.6,4.73,4.48,2023-24,7.4
1629027,Trae Young,1610612737,ATL,54,22,32,1942.0,727250,137.7,75.7,62.1,4.0,4.45,3.56,2023-24,6.44
1631218,Trayce Jackson-Davis,1610612744,GSW,67,39,28,1107.0,447647,84.8,45.0,39.8,4.32,4.58,4.06,2023-24,6.95
1630200,Tre Jones,1610612759,SAS,76,20,56,2107.0,912966,172.9,91.2,81.8,4.58,4.97,4.22,2023-24,7.37
1630544,Tre Mann,1610612766,CHA,41,21,20,987.0,405743,76.8,42.0,34.8,4.39,4.79,3.99,2023-24,7.07
1630570,Trendon Watford,1610612751,BKN,61,25,36,805.0,321634,60.9,33.7,27.2,4.2,4.6,3.8,2023-24,6.76
1630235,Trent Forrest,1610612737,ATL,38,18,20,414.0,163037,30.9,16.5,14.4,4.21,4.37,4.05,2023-24,6.78
1630243,Trevelin Queen,1610612753,ORL,14,5,9,165.0,65321,12.4,6.5,5.9,4.15,4.35,3.94,2023-24,6.68
1641998,Trey Jemison III,1610612763,MEM,25,5,20,574.0,230907,43.7,24.0,19.7,4.26,4.37,4.12,2023-24,6.86
1626168,Trey Lyles,1610612758,SAC,58,33,25,1158.0,481393,91.2,48.5,42.7,4.38,4.79,4.0,2023-24,7.05
1630530,Trey Murphy III,1610612740,NOP,56,35,21,1668.0,657473,124.5,65.0,59.5,4.19,4.39,3.99,2023-24,6.74
202684,Tristan Thompson,1610612739,CLE,49,28,21,549.0,214585,40.6,21.3,19.3,4.1,4.21,3.98,2023-24,6.6
1641774,Tristan Vukcevic,1610612764,WAS,10,3,7,153.0,61802,11.7,6.0,5.7,4.28,4.64,3.97,2023-24,6.89
1628972,Troy Brown Jr.,1610612765,DET,58,30,28,824.0,342450,64.9,34.1,30.7,4.43,4.75,4.12,2023-24,7.13
1629660,Ty Jerome,1610612739,CLE,2,1,1,15.0,6433,1.2,0.7,0.5,4.19,4.62,3.7,2023-24,6.74
1631102,TyTy Washington Jr.,1610612749,MIL,11,5,6,56.0,22031,4.2,2.3,1.9,4.16,4.64,3.69,2023-24,6.69
1629639,Tyler Herro,1610612748,MIA,42,23,19,1407.0,573623,108.6,59.5,49.1,4.43,4.91,3.96,2023-24,7.13
1630169,Tyrese Haliburton,1610612754,IND,69,40,29,2224.0,905218,171.4,95.8,75.6,4.32,5.0,3.7,2023-24,6.95
1630178,Tyrese Maxey,1610612755,PHI,69,42,27,2597.0,1059511,200.7,115.3,85.4,4.31,4.85,3.75,2023-24,6.94
1626145,Tyus Jones,1610612764,WAS,66,11,55,1933.0,797380,151.0,81.6,69.4,4.38,4.82,3.95,2023-24,7.05
1628962,Udoka Azubuike,1610612756,PHX,16,12,4,113.0,43444,8.2,4.3,3.9,4.02,4.19,3.86,2023-24,6.47
1630586,Usman Garuba,1610612744,GSW,6,5,1,18.0,7239,1.4,0.7,0.6,4.28,3.92,4.03,2023-24,6.89
203995,Vasilije Micić,1610612766,CHA,59,33,26,1144.0,460644,87.2,48.7,38.6,4.28,4.78,3.78,2023-24,6.89
1641705,Victor Wembanyama,1610612759,SAS,71,19,52,2106.0,849289,160.9,85.8,75.0,4.27,4.7,3.87,2023-24,6.87
1631246,Vince Williams Jr.,1610612763,MEM,52,18,34,1436.0,610056,115.5,59.7,55.9,4.51,4.58,4.44,2023-24,7.26
1630249,Vít Krejčí,1610612737,ATL,22,9,13,541.0,215418,40.8,21.9,18.9,4.24,4.48,3.98,2023-24,6.82
1631117,Walker Kessler,1610612762,UTA,63,26,37,1469.0,613832,116.3,63.9,52.3,4.41,4.69,4.11,2023-24,7.1
1628976,Wendell Carter Jr.,1610612753,ORL,55,30,25,1406.0,524058,99.3,52.4,46.8,3.96,4.09,3.81,2023-24,6.37
1631111,Wendell Moore Jr.,1610612750,MIN,25,18,7,75.0,32001,6.1,3.2,2.9,4.44,4.6,4.27,2023-24,7.15
1629117,Wenyen Gabriel,1610612763,MEM,5,1,4,81.0,32606,6.2,3.4,2.8,4.42,4.78,4.05,2023-24,7.11
202083,Wesley Matthews,1610612737,ATL,36,11,25,413.0,169852,32.2,17.0,15.2,4.35,4.68,4.03,2023-24,7.0
1629875,Xavier Moon,1610612746,LAC,14,7,7,119.0,46665,8.8,4.9,3.9,4.3,4.55,4.02,2023-24,6.92
1630214,Xavier Tillman,1610612738,BOS,54,30,24,975.0,397411,75.3,40.1,35.2,4.35,4.61,4.09,2023-24,7.0
1629139,Yuta Watanabe,1610612763,MEM,34,18,16,464.0,194496,36.8,20.3,16.5,4.46,4.77,4.12,2023-24,7.18
1628380,Zach Collins,1610612759,SAS,68,18,50,1503.0,600899,113.8,60.6,53.2,4.22,4.52,3.92,2023-24,6.79
203897,Zach LaVine,1610612741,CHI,25,10,15,872.0,344118,65.2,35.3,29.9,4.17,4.63,3.73,2023-24,6.71
1630285,Zavier Simpson,1610612763,MEM,7,1,6,161.0,68268,12.9,7.3,5.6,4.4,4.65,4.11,2023-24,7.08
1630192,Zeke Nnaji,1610612743,DEN,56,39,17,555.0,223632,42.4,22.2,20.1,4.19,4.36,4.0,2023-24,6.74
1630533,Ziaire Williams,1610612763,MEM,51,20,31,1038.0,412648,78.2,40.5,37.6,4.19,4.28,4.09,2023-24,6.74
1629627,Zion Williamson,1610612740,NOP,69,42,27,2181.0,856940,162.3,86.9,75.4,4.15,4.51,3.81,2023-24,6.68
